﻿Designator,Footprint,Quantity,Value,LCSC Part #
"C1, C2",0603,2,22pF,
C3,0402,1,0.1uF,
D1,D_SMA,1,1N4007,
J1,RJ12-TH,1,RJ12,
J2,Tag-Connect_TC2030-IDC-NL_2x03_P1.27mm_Vertical,1,AVR-ISP-6,
J3,PinHeader_2x08_P2.54mm_Horizontal,1,PinHeader_2x08_P2.54mm_Horizontal,
"R1, R2",0603,2,220,
"R10, R11, R9",0603,3,10K,
R12,0402,1,10K,
"R3, R4",0603,2,110,
"R5, R6",0603,2,620,
"R7, R8",0603,2,1.5K,
U1,TQFP-32_7x7mm_P0.8mm,1,ATmega328P-A,
"U2, U3, U4, U5",SOP-4_L6.5-W4.6-P2.54-LS10.2-TL,4,PC817,
Y1,Crystal_SMD_5032-2Pin_5.0x3.2mm,1,16MHz,
